,escape_frac,mean
V401I,-6.455746573061724,-14.785740707070708
I402C,-6.455746573061724,-14.789420808080807
I402L,-6.455746573061724,-14.77945686868687
I402V,-6.455746573061724,-14.786220606060606
R403A,4.820281565605036,-12.726502424242424
R403K,-6.455746573061724,-13.379310202020202
R403M,-6.455746573061724,-13.265327878787879
R403S,3.0550488507104094,-12.761460808080809
R403T,-6.455746573061724,-12.719634444444441
G404A,-6.455746573061724,-14.755809393939394
G404K,-6.455746573061724,-14.841782929292927
D405A,-6.455746573061724,-14.795463737373737
D405E,-4.015757128644911,-14.80155888888889
D405K,-6.455746573061724,-15.184813131313133
D405N,-6.455746573061724,-14.971170707070707
D405R,-6.445584614211521,-15.525133333333331
D405S,-6.455746573061724,-14.796822424242427
E406D,-6.455746573061724,-14.735356464646467
E406Q,-6.455746573061724,-15.155623232323233
E406W,1.786519282564499,-14.695092424242423
V407I,-6.455746573061724,-14.795611818181818
V407L,-6.455746573061724,-14.7842
R408A,-6.455746573061724,-14.409291515151514
R408C,-6.455746573061724,-14.42829919191919
R408E,-6.455746573061724,-14.380072424242424
R408F,-6.455746573061724,-14.472194747474749
R408G,-6.455746573061724,-14.436866868686867
R408H,-6.455746573061724,-14.56962414141414
R408K,-6.455746573061724,-14.570067373737373
R408L,-6.455746573061724,-14.444684545454548
R408P,-2.7358636606266287,-14.421415252525257
R408S,-6.455746573061724,-14.45120333333333
R408T,-6.455746573061724,-14.428036666666667
R408V,-6.455746573061724,-14.435502727272729
R408W,-6.455746573061724,-14.439859797979798
Q409E,-6.455746573061724,-14.425058282828283
I410V,-6.455746573061724,-14.785851818181818
G413A,-6.455746573061724,-14.786453838383839
G413C,-6.455746573061724,-14.786675050505051
G413F,-6.455746573061724,-14.786489191919191
G413H,-6.455746573061724,-14.786697272727272
G413K,-6.455746573061724,-14.786319494949495
G413L,-6.455746573061724,-14.786575050505048
G413M,-6.455746573061724,-14.788062929292929
G413N,-6.455746573061724,-14.788164949494949
G413Q,-6.455746573061724,-14.786528585858587
G413R,-6.455746573061724,-14.787135656565654
G413S,-6.455746573061724,-14.7861801010101
G413Y,-6.455746573061724,-14.786529595959596
Q414A,-6.455746573061724,-14.77668717171717
Q414C,-6.455746573061724,-14.775847777777777
Q414E,-6.455746573061724,-14.679780606060609
Q414G,-6.455746573061724,-14.782842929292928
Q414I,-6.455746573061724,-14.774037676767678
Q414K,-6.455746573061724,-14.814786464646469
Q414M,-6.455746573061724,-14.796181515151513
Q414R,-6.455746573061724,-14.872104747474745
Q414S,-6.455746573061724,-14.761339696969697
Q414T,-6.455746573061724,-14.748150808080808
Q414V,-6.455746573061724,-14.769742727272726
T415A,-6.455746573061724,-14.799483535353533
T415D,-6.455746573061724,-14.659505555555556
T415E,-6.455746573061724,-14.702878181818182
T415G,-6.455746573061724,-14.802484343434344
T415H,-6.455746573061724,-14.848662323232324
T415I,-6.455746573061724,-14.79131111111111
T415K,-6.455746573061724,-14.859817878787878
T415M,-6.455746573061724,-14.792046565656566
T415N,-6.455746573061724,-14.788558282828284
T415Q,-6.455746573061724,-14.787103434343436
T415R,-6.455746573061724,-14.914610707070707
T415S,-6.455746573061724,-14.792279292929294
T415V,-6.455746573061724,-14.793804242424242
T415Y,-6.455746573061724,-14.822537171717169
K417A,-6.226225103013246,-14.47339181818182
K417C,-6.455746573061724,-14.491864141414142
K417D,0.13741582897539406,-14.037781111111112
K417E,1.4338469013689727,-13.87543515151515
K417F,-2.662381023915538,-14.713647676767676
K417G,-6.455746573061724,-14.471380606060604
K417H,-3.795397170747996,-14.735329393939395
K417I,-4.192063463367872,-14.485769696969696
K417L,-6.455746573061724,-14.543359999999998
K417M,-6.4330252330078235,-14.650603636363636
K417N,-3.686790530787827,-14.465828686868688
K417P,-6.455746573061724,-14.469435555555558
K417Q,-6.455746573061724,-14.477656464646463
K417R,-6.455746573061724,-15.115669292929292
K417S,-3.9658185429366477,-14.48198101010101
K417T,-2.7420009385153588,-14.432936363636363
K417V,-6.455746573061724,-14.441911717171717
K417W,3.0690999460134756,-15.187026262626265
K417Y,-3.4850711357858986,-14.841859393939394
I418V,-6.455746573061724,-14.80078171717172
A419P,-6.084820193215216,-14.776783737373737
A419S,-6.455746573061724,-14.78485282828283
D420A,-6.455746573061724,-14.957948282828282
D420E,-6.455746573061724,-14.797265757575758
D420K,-6.455746573061724,-15.05406242424242
D420M,-6.455746573061724,-14.963401010101013
D420N,-6.455746573061724,-14.957068484848483
D420Q,-6.455746573061724,-14.962233535353537
D420R,-6.455746573061724,-15.15611111111111
D420S,-6.455746573061724,-14.959989696969698
Y421F,-6.455746573061724,-14.778237474747472
Y421L,-6.455746573061724,-14.758312626262624
Y421M,-6.455746573061724,-14.80109595959596
Y421W,-6.455746573061724,-14.74391121212121
K424H,-6.455746573061724,-14.788938282828283
K424R,-6.455746573061724,-14.795047777777777
N437P,-6.455746573061724,-14.794349797979796
N439D,-6.455746573061724,-14.71251292929293
N439H,-6.455746573061724,-14.792486161616162
N439K,-6.466012527661118,-14.873444545454545
N439L,-3.8251223312738993,-14.775441313131314
N439M,-6.455746573061724,-14.748748787878787
N439Q,-6.455746573061724,-14.787277575757576
N439S,-6.445584614211521,-14.776518484848486
N439T,-6.32095364409895,-14.777685151515154
N439V,-6.455746573061724,-14.783541717171719
N439Y,-6.455746573061724,-14.806293232323235
N440A,-6.455746573061724,-14.788003333333334
N440C,-6.455746573061724,-14.790189191919191
N440D,-6.455746573061724,-14.776781313131314
N440E,-6.455746573061724,-14.779480303030304
N440F,-6.455746573061724,-14.778448383838384
N440G,-6.455746573061724,-14.791043737373737
N440H,-6.466012527661118,-14.79257606060606
N440I,-6.455746573061724,-14.785001919191917
N440K,-6.455746573061724,-14.80367606060606
N440L,-6.455746573061724,-14.780826565656566
N440M,-6.455746573061724,-14.78284212121212
N440P,-6.455746573061724,-14.784164949494949
N440Q,-6.455746573061724,-14.787873030303029
N440R,-6.455746573061724,-14.833670707070707
N440S,-6.455746573061724,-14.788108383838383
N440T,-6.455746573061724,-14.780299797979797
N440V,-6.455746573061724,-14.785655858585855
N440Y,-6.455746573061724,-14.78820838383838
S443A,-6.455746573061724,-14.78259272727273
S443C,-6.455746573061724,-14.80105272727273
S443G,-6.455746573061724,-14.777468484848486
S443N,-4.3629872295630525,-14.797094040404044
S443Q,-6.455746573061724,-14.754345454545454
S443T,-6.455746573061724,-14.802094747474749
S443V,-6.455746573061724,-14.810459393939395
S443Y,-6.455746573061724,-14.755072121212121
K444A,-6.455746573061724,-14.735936060606065
K444C,-6.455746573061724,-14.737238787878791
K444D,-6.455746573061724,-14.66007080808081
K444E,-6.455746573061724,-14.689732222222224
K444F,-6.455746573061724,-14.803762929292931
K444G,-6.455746573061724,-14.722653737373738
K444H,-6.455746573061724,-14.785125858585861
K444I,-6.455746573061724,-14.745258484848488
K444L,-6.455746573061724,-14.735979292929295
K444M,-6.455746573061724,-14.736604444444449
K444N,-6.455746573061724,-14.747192222222223
K444P,-6.455746573061724,-14.729373131313132
K444Q,-6.455746573061724,-14.744433939393941
K444R,-6.455746573061724,-14.904253939393938
K444S,-6.455746573061724,-14.737642121212124
K444T,-6.455746573061724,-14.733480303030305
K444V,-6.455746573061724,-14.739286666666668
K444W,-6.455746573061724,-14.760005353535359
K444Y,-6.455746573061724,-14.7784098989899
V445A,-6.455746573061724,-14.773251212121211
V445C,-6.455746573061724,-14.80693202020202
V445D,-2.66615925939305,-14.742148282828284
V445E,-3.319744893704709,-14.764427474747475
V445F,-6.455746573061724,-15.01497070707071
V445G,-2.3567593599376497,-14.809932222222224
V445H,-3.928161506487435,-14.951912121212125
V445I,-6.455746573061724,-14.910562626262626
V445K,-6.455746573061724,-15.184345454545454
V445L,-6.455746573061724,-15.005492929292933
V445M,-6.455746573061724,-15.079533333333332
V445N,-6.455746573061724,-14.948143232323233
V445P,-6.455746573061724,-14.828705959595958
V445Q,-6.455746573061724,-14.96246080808081
V445R,-6.455746573061724,-15.465177777777777
V445S,-6.455746573061724,-14.768527777777777
V445T,-6.455746573061724,-14.779395757575758
V445W,-6.455746573061724,-15.02328888888889
V445Y,-6.455746573061724,-14.981866666666669
G446A,-6.455746573061724,-14.801297575757575
G446C,-6.455746573061724,-14.829564040404042
G446D,-6.455746573061724,-14.590470303030301
G446E,-4.219000477166246,-14.711586969696969
G446F,-6.455746573061724,-14.91007606060606
G446H,-6.455746573061724,-14.962259595959596
G446I,-6.455746573061724,-14.950212323232325
G446K,-6.455746573061724,-15.12914323232323
G446L,-6.455746573061724,-14.912578383838385
G446M,-4.405727775859824,-15.001516767676765
G446N,-6.455746573061724,-14.859419191919192
G446P,-6.455746573061724,-14.916525454545456
G446Q,-6.455746573061724,-14.886735151515152
G446R,-5.2641809668800725,-15.34217494949495
G446S,-6.455746573061724,-14.848313434343433
G446T,-6.455746573061724,-14.864929595959596
G446V,-6.455746573061724,-14.862717272727274
G446W,-6.455746573061724,-14.992542929292929
G446Y,-6.455746573061724,-14.930883636363635
G447A,-6.455746573061724,-14.407313535353534
G447C,-6.455746573061724,-14.270722828282826
G447D,-6.455746573061724,-12.860408888888886
G447E,-6.455746573061724,-12.630202121212124
G447F,-6.455746573061724,-13.78198909090909
G447H,-6.455746573061724,-13.406895555555554
G447I,-6.455746573061724,-13.698695555555554
G447K,-6.455746573061724,-14.17546232323232
G447L,-6.455746573061724,-13.657932323232322
G447M,-6.455746573061724,-14.032731212121213
G447N,-6.455746573061724,-14.030563131313134
G447P,-2.4901725342182273,-14.377990404040403
G447Q,-6.455746573061724,-13.810514949494948
G447R,-6.455746573061724,-14.39581171717172
G447S,-6.455746573061724,-14.500345454545455
G447T,-6.455746573061724,-13.860886565656566
G447V,-4.132462460649186,-14.028822929292929
G447Y,-6.455746573061724,-13.687950808080812
N448A,-6.455746573061724,-14.782291414141415
N448C,-6.455746573061724,-14.784923737373736
N448D,-4.529591881027586,-14.643530202020203
N448E,-6.455746573061724,-14.677897171717175
N448G,-6.455746573061724,-14.78305474747475
N448H,-6.455746573061724,-14.782228383838383
N448K,-6.455746573061724,-14.831576767676765
N448P,-6.455746573061724,-14.814130404040405
N448Q,-6.455746573061724,-14.791240606060606
N448R,-6.455746573061724,-14.884548686868689
N448S,-3.7309036304655163,-14.7902797979798
N448T,-6.455746573061724,-14.783898787878789
N448V,-6.455746573061724,-14.791044848484848
N448Y,-5.837032660105036,-14.77585131313131
Y449A,-0.5610696477958234,-13.400099090909093
Y449C,2.2436339918539283,-13.404604949494948
Y449D,4.508032649510695,-13.206768787878788
Y449E,4.6363458034565355,-13.202007777777776
Y449F,1.056389658245763,-13.425442626262626
Y449G,-3.6300492192924834,-13.403843939393942
Y449H,3.393475335568246,-13.7668598989899
Y449I,-1.668681861955673,-13.38275292929293
Y449K,2.551884275494506,-13.704273232323235
Y449L,0.8511102935218593,-13.386453535353535
Y449M,3.3020771358644145,-13.427784545454546
Y449N,4.02789946281395,-13.369657474747477
Y449P,-0.2622934955633178,-13.406855252525252
Y449Q,4.087757256922582,-13.38631787878788
Y449R,-4.062194146177467,-13.914300505050504
Y449S,3.0206871124471633,-13.405771818181819
Y449T,4.1127049938813025,-13.389512929292932
Y449V,-1.4755533446847908,-13.388706060606063
Y449W,5.014063753640863,-13.56739454545455
N450A,-6.455746573061724,-14.795370707070708
N450C,-6.455746573061724,-14.788166464646464
N450D,-6.455746573061724,-14.765746363636364
N450E,-6.455746573061724,-14.76507858585859
N450F,-6.323748055165123,-14.807961111111108
N450G,-6.455746573061724,-14.794442323232323
N450H,-6.455746573061724,-14.806814949494951
N450I,-6.455746573061724,-14.790653333333331
N450K,-6.455746573061724,-14.816089797979798
N450L,-6.455746573061724,-14.790995959595959
N450M,-6.455746573061724,-14.807829797979798
N450P,-6.455746573061724,-14.8431196969697
N450Q,-6.455746573061724,-14.788690808080808
N450R,-6.455746573061724,-14.86997666666667
N450S,-6.455746573061724,-14.793364949494949
N450T,-5.542099154202298,-14.789790909090911
N450V,-5.509950760690448,-14.78979404040404
N450W,-6.455746573061724,-14.815123131313129
N450Y,-6.455746573061724,-14.810368282828282
Y451F,-6.455746573061724,-14.785944747474748
Y451H,-6.455746573061724,-14.788646767676767
Y451I,-6.455746573061724,-14.783116464646467
Y451L,-6.455746573061724,-14.783705353535353
Y451M,-6.455746573061724,-14.784135656565656
Y451Q,-6.455746573061724,-14.793050808080812
L452A,-6.455746573061724,-14.77871383838384
L452C,-6.455746573061724,-14.78614181818182
L452D,-6.455746573061724,-14.70537888888889
L452E,-6.455746573061724,-14.760003434343435
L452F,-6.455746573061724,-14.788930404040403
L452G,-6.455746573061724,-14.77075191919192
L452H,-6.455746573061724,-14.826516767676766
L452I,-6.455746573061724,-14.791519494949492
L452K,-6.455746573061724,-14.843093838383835
L452M,-6.455746573061724,-14.797214444444442
L452N,-6.455746573061724,-14.788260808080809
L452Q,-6.455746573061724,-14.791507474747476
L452R,-6.455746573061724,-14.856233535353535
L452S,-6.455746573061724,-14.774012323232323
L452T,-6.455746573061724,-14.776432626262627
L452V,-6.455746573061724,-14.782886161616162
L452W,-6.455746573061724,-14.862432929292929
L452Y,-6.455746573061724,-14.839748484848482
Y453A,-3.9297477098987392,-14.092938080808082
Y453F,-6.455746573061724,-14.335269797979795
Y453H,-6.455746573061724,-14.213062424242425
Y453K,-1.7971364547136395,-14.638674343434342
Y453M,-2.116535666086077,-14.248122929292931
Y453R,-4.022099655348772,-15.126911111111111
Y453S,-1.90272826601659,-14.08416404040404
Y453V,-2.437601070693285,-14.12748191919192
L455A,3.4899339962998273,-13.873648282828285
L455C,1.68981629991175,-14.08771232323232
L455E,3.328688841162715,-13.806821919191918
L455F,-4.0372472090051925,-11.854260000000002
L455G,3.580747574095726,-13.662656262626264
L455H,2.5326610810839,-12.78599777777778
L455I,-6.455746573061724,-13.995796060606061
L455M,-6.455746573061724,-14.703676464646465
L455N,-1.3522669520404815,-14.221439595959593
L455P,-1.7464145418599888,-13.821295555555556
L455R,1.7930433912019192,-14.041180808080808
L455S,2.9808182984197704,-13.701845353535353
L455T,0.7158839877652716,-14.067101818181817
L455V,-6.455746573061724,-14.049024848484846
L455W,0.3544653739057504,-11.250065454545455
L455Y,-6.455746573061724,-9.207769323232323
F456A,3.9020746947749556,-13.655810101010102
F456C,-6.455746573061724,-13.718671616161616
F456G,6.644090168781623,-13.546374343434342
F456H,-6.455746573061724,-13.919534747474748
F456I,-6.455746573061724,-13.879817373737374
F456K,1.9045000921835034,-13.911092525252524
F456L,-6.455746573061724,-13.8729097979798
F456M,-6.455746573061724,-14.217902424242427
F456Q,-6.455746573061724,-13.784231313131313
F456R,5.045036720813594,-14.108562626262625
F456T,0.9839940303350116,-13.792920505050505
F456V,-6.2101042055203415,-13.89923898989899
F456W,-1.3969534375231556,-13.433676565656565
F456Y,2.5744650001965805,-14.828888888888889
K458A,-6.455746573061724,-14.601330707070709
K458D,-6.455746573061724,-14.570847070707071
K458E,-6.455746573061724,-14.586788686868687
K458F,-6.455746573061724,-14.607273434343435
K458G,-6.455746573061724,-14.599462222222224
K458H,-6.455746573061724,-14.691676969696971
K458I,-6.455746573061724,-14.605749393939394
K458L,-6.455746573061724,-14.602193333333334
K458M,-6.455746573061724,-14.6278001010101
K458N,-6.455746573061724,-14.583697070707073
K458P,-6.455746573061724,-14.607057272727271
K458Q,-6.455746573061724,-14.60573888888889
K458R,-6.455746573061724,-14.712399898989899
K458S,-6.455746573061724,-14.604437979797982
K458T,-6.455746573061724,-14.5971
K458V,-6.455746573061724,-14.608795858585859
K458W,-6.455746573061724,-14.605711010101011
K458Y,-6.455746573061724,-14.670625959595961
S459A,-6.455746573061724,-14.787039696969698
S459C,-6.455746573061724,-14.77565787878788
S459D,-6.455746573061724,-14.752548989898987
S459E,-6.455746573061724,-14.71256696969697
S459F,-6.455746573061724,-14.694368585858587
S459G,-6.455746573061724,-14.76837111111111
S459H,-6.455746573061724,-14.675308383838386
S459I,-6.455746573061724,-14.660111414141417
S459K,-6.455746573061724,-14.748572020202019
S459L,-6.455746573061724,-14.652907373737373
S459M,-6.455746573061724,-14.682039696969698
S459N,-6.455746573061724,-14.707034646464646
S459P,-6.455746573061724,-14.684042727272729
S459Q,-6.455746573061724,-14.72348515151515
S459R,-6.455746573061724,-14.756206363636364
S459T,-6.455746573061724,-14.778462929292928
S459V,-6.455746573061724,-14.719325555555557
S459Y,-6.455746573061724,-14.686655454545456
N460A,-6.455746573061724,-14.790548383838383
N460C,-6.455746573061724,-14.783899898989901
N460D,-6.455746573061724,-14.77829686868687
N460E,-6.455746573061724,-14.746704343434343
N460F,-6.455746573061724,-14.77281787878788
N460G,-6.455746573061724,-14.795952121212123
N460H,-6.455746573061724,-14.80081595959596
N460I,-6.455746573061724,-14.77473121212121
N460K,-6.455746573061724,-14.812706868686869
N460L,-6.455746573061724,-14.774067070707073
N460M,-6.455746573061724,-14.780789393939392
N460P,-6.455746573061724,-14.790124343434343
N460Q,-6.455746573061724,-14.781776868686869
N460R,-6.455746573061724,-14.84691707070707
N460S,-6.455746573061724,-14.789034646464648
N460T,-6.455746573061724,-14.78583818181818
N460V,-6.455746573061724,-14.779936666666666
N460Y,-6.455746573061724,-14.776232929292927
L461I,-6.455746573061724,-14.788496262626262
L461M,-6.4462167297355455,-14.787742727272727
L461V,-6.455746573061724,-14.784741717171716
K462A,-6.455746573061724,-14.787012424242423
K462C,-6.455746573061724,-14.787020505050505
K462D,-6.455746573061724,-14.788156868686869
K462E,-6.455746573061724,-14.787910707070706
K462F,-6.455746573061724,-14.786625555555554
K462G,-6.455746573061724,-14.786899292929292
K462H,-6.455746573061724,-14.787187171717173
K462I,-6.455746573061724,-14.787026565656566
K462L,-6.455746573061724,-14.787349797979799
K462M,-6.455746573061724,-14.787343434343436
K462N,-6.455746573061724,-14.787186161616162
K462Q,-6.455746573061724,-14.78737404040404
K462R,-6.455746573061724,-14.786829595959597
K462S,-6.455746573061724,-14.787411414141413
K462T,-6.455746573061724,-14.78717303030303
K462V,-6.455746573061724,-14.787014444444445
K462Y,-6.455746573061724,-14.787027575757575
T470A,-6.455746573061724,-14.786896262626263
T470C,-6.455746573061724,-14.786832626262626
T470D,-6.455746573061724,-14.785403030303032
T470E,-6.455746573061724,-14.78375676767677
T470F,-6.466012527661118,-14.787109393939394
T470G,-6.455746573061724,-14.787709393939394
T470H,-6.455746573061724,-14.787279191919191
T470I,-6.455746573061724,-14.786441717171718
T470K,-6.455746573061724,-14.788242626262626
T470L,-6.455746573061724,-14.786559898989898
T470M,-6.455746573061724,-14.787222525252524
T470N,-6.455746573061724,-14.786921515151516
T470Q,-6.455746573061724,-14.786815454545454
T470R,-6.455746573061724,-14.790868989898987
T470S,-6.455746573061724,-14.787926565656564
T470V,-6.455746573061724,-14.787021515151515
T470Y,-6.455746573061724,-14.787145757575757
E471A,-6.455746573061724,-14.789274747474748
E471C,-6.455746573061724,-14.790431616161616
E471D,-6.455746573061724,-14.787594242424245
E471F,-6.455746573061724,-14.791707979797982
E471G,-6.455746573061724,-14.788586161616164
E471H,-6.455746573061724,-14.789279191919194
E471I,-6.455746573061724,-14.791324545454545
E471K,-6.455746573061724,-14.790963939393938
E471L,-6.455746573061724,-14.791443737373738
E471M,-6.455746573061724,-14.79132505050505
E471N,-6.455746573061724,-14.79118686868687
E471P,-6.455746573061724,-14.789640202020202
E471Q,-6.455746573061724,-14.78962606060606
E471R,-6.455746573061724,-14.787810404040405
E471S,-6.455746573061724,-14.789667575757575
E471T,-6.455746573061724,-14.789430606060606
E471V,-6.455746573061724,-14.79197606060606
E471Y,-6.455746573061724,-14.780052626262627
I472A,-4.985639473565293,-14.748590808080808
I472C,-6.455746573061724,-14.777290707070708
I472D,-6.455746573061724,-14.786786565656564
I472E,-6.455746573061724,-14.773442424242424
I472F,-6.455746573061724,-14.764466060606061
I472G,-0.5074137428573141,-14.742942424242425
I472H,-6.455746573061724,-14.765242424242425
I472K,-6.455746573061724,-14.786164141414142
I472L,-6.455746573061724,-14.77952121212121
I472M,-6.455746573061724,-14.785860101010103
I472N,-6.455746573061724,-14.76963767676768
I472P,-6.455746573061724,-14.749834545454545
I472Q,-6.455746573061724,-14.76395808080808
I472S,-6.455746573061724,-14.740523131313134
I472T,-6.455746573061724,-14.778080404040402
I472V,-6.455746573061724,-14.778875656565654
I472W,-6.455746573061724,-14.731150707070707
I472Y,-6.455746573061724,-14.759045959595962
Y473A,-2.006712041262739,-14.135343434343435
Y473C,-0.17242592903973053,-14.223095353535356
Y473E,-6.455746573061724,-14.275581414141413
Y473F,-6.455746573061724,-14.513614848484847
Y473H,-6.455746573061724,-14.337987171717176
Y473I,-2.7853680392246405,-14.235134747474751
Y473L,-5.288092167042515,-14.266361616161618
Y473M,-3.068864281463337,-14.432306161616161
Y473N,-0.04480749520593945,-14.200871010101011
Y473Q,-2.721785796384662,-14.282978080808078
Y473S,-2.9736624266068747,-14.162328787878788
Y473T,-4.979429765153933,-14.240212727272725
Y473V,-4.1818877126887655,-14.252949090909093
Y473W,-6.455746573061724,-14.588671010101011
Q474A,-6.466012527661118,-14.609919191919193
Q474D,-6.455746573061724,-14.643670202020202
Q474E,-6.455746573061724,-14.717681818181816
Q474G,-6.455746573061724,-14.555119292929296
Q474H,-6.455746573061724,-14.688113535353533
Q474K,-6.455746573061724,-14.708431717171717
Q474M,-6.455746573061724,-14.67674787878788
Q474N,-6.455746573061724,-14.721882626262625
Q474P,-6.455746573061724,-14.62870606060606
Q474R,-6.455746573061724,-14.735840707070706
Q474S,-6.455746573061724,-14.631484141414141
Q474T,-6.455746573061724,-14.673712424242426
Q474V,-6.455746573061724,-14.65639424242424
A475C,-6.455746573061724,-14.254291717171718
A475D,-1.6193103740297126,-12.96863595959596
A475E,-6.455746573061724,-12.27693292929293
A475F,-6.455746573061724,-8.253318646464646
A475G,-6.455746573061724,-14.549086969696972
A475I,-6.455746573061724,-13.22216111111111
A475K,-5.444363967909343,-12.002467575757573
A475L,-6.455746573061724,-13.005283131313131
A475M,-6.455746573061724,-12.972071010101011
A475N,-0.5125326550137528,-12.938146464646463
A475Q,-6.455746573061724,-12.200593474747473
A475R,-6.455746573061724,-11.597215858585859
A475S,-6.260315131724347,-14.620467272727272
A475T,-6.455746573061724,-14.242169191919192
A475V,-6.455746573061724,-13.995806060606062
A475Y,-6.455746573061724,-7.786385585858587
G476A,-6.455746573061724,-14.750816060606061
G476D,-6.455746573061724,-14.653857676767673
G476E,-2.864825665468468,-14.707991313131313
G476H,-6.455746573061724,-14.749653333333333
G476K,-6.455746573061724,-14.907765151515155
G476N,-6.455746573061724,-14.739878585858587
G476Q,-6.455746573061724,-14.780184848484845
G476R,-6.455746573061724,-14.992587373737376
G476S,-6.455746573061724,-14.749554545454547
G476T,-6.455746573061724,-14.771673535353534
S477A,-6.455746573061724,-14.786829595959597
S477C,-6.455746573061724,-14.784862929292927
S477D,-6.455746573061724,-14.765117878787878
S477F,-6.455746573061724,-14.787539797979797
S477G,-6.455746573061724,-14.784225555555553
S477H,-6.445584614211521,-14.785443535353535
S477I,-6.455746573061724,-14.777863333333332
S477L,-6.455746573061724,-14.776945656565657
S477N,-6.455746573061724,-14.788005353535354
S477P,-6.455746573061724,-14.780651212121212
S477Q,-6.455746573061724,-14.776841717171717
S477R,-6.455746573061724,-14.865507171717171
S477T,-6.455746573061724,-14.769527575757575
S477V,-6.455746573061724,-14.774065252525252
S477W,-6.445584614211521,-14.780959696969697
S477Y,-6.455746573061724,-14.791308686868685
T478A,-6.455746573061724,-14.77993292929293
T478C,-6.455746573061724,-14.78726393939394
T478D,-6.455746573061724,-14.783268181818183
T478E,-6.455746573061724,-14.780326666666669
T478F,-6.455746573061724,-14.7867701010101
T478G,-6.455746573061724,-14.782992525252526
T478H,-6.455746573061724,-14.779727474747475
T478I,-6.455746573061724,-14.787934646464647
T478K,-6.455746573061724,-14.785400404040406
T478L,-6.455746573061724,-14.796977575757575
T478M,-6.455746573061724,-14.791721818181818
T478N,-6.455746573061724,-14.784426565656565
T478P,-6.454470684394198,-14.78611494949495
T478Q,-6.455746573061724,-14.796465252525255
T478R,-6.455746573061724,-14.790315555555557
T478S,-6.455746573061724,-14.783670505050505
T478V,-6.455746573061724,-14.790543232323232
T478W,-6.455746573061724,-14.793704646464644
T478Y,-6.455746573061724,-14.778492222222221
P479A,-6.455746573061724,-14.780453838383838
P479C,-6.455746573061724,-14.780436666666667
P479D,-6.455746573061724,-14.78007404040404
P479E,-6.455746573061724,-14.781200303030305
P479F,-6.455746573061724,-14.787946767676768
P479G,-6.455746573061724,-14.781818484848484
P479H,-6.455746573061724,-14.779285252525252
P479I,-6.455746573061724,-14.784656868686868
P479K,-6.455746573061724,-14.784147777777777
P479L,-6.455746573061724,-14.786813434343433
P479M,-6.455746573061724,-14.784228585858587
P479N,-6.455746573061724,-14.783459898989898
P479Q,-6.455746573061724,-14.775876060606063
P479R,-6.455746573061724,-14.787842727272727
P479S,-6.455746573061724,-14.787667979797979
P479T,-6.455746573061724,-14.788277070707071
P479V,-6.455746573061724,-14.787121515151517
P479Y,-6.455746573061724,-14.786030606060608
N481A,-6.455746573061724,-14.786894242424243
N481C,-6.455746573061724,-14.786893232323232
N481D,-6.455746573061724,-14.78558868686869
N481E,-6.455746573061724,-14.785871111111113
N481F,-6.455746573061724,-14.786894242424243
N481G,-6.455746573061724,-14.78725787878788
N481H,-6.455746573061724,-14.786835757575757
N481I,-5.369039889337734,-14.786894242424243
N481K,-6.455746573061724,-14.78706898989899
N481L,-6.455746573061724,-14.786893232323232
N481M,-6.455746573061724,-14.786898282828282
N481P,-6.455746573061724,-14.786894242424243
N481Q,-6.455746573061724,-14.786894242424243
N481R,-6.455746573061724,-14.788048787878788
N481S,-6.455746573061724,-14.786894242424243
N481T,-6.455746573061724,-14.786893232323232
N481V,-6.455746573061724,-14.786894242424243
N481Y,-6.455746573061724,-14.786894242424243
G482A,-6.455746573061724,-14.786914444444445
G482C,-6.455746573061724,-14.78689525252525
G482D,-6.455746573061724,-14.78364858585859
G482F,-6.455746573061724,-14.787132626262627
G482H,-6.455746573061724,-14.786018585858585
G482K,-6.455746573061724,-14.788124545454545
G482L,-6.455746573061724,-14.787092222222224
G482N,-6.455746573061724,-14.786915454545454
G482P,-6.455746573061724,-14.787103333333334
G482Q,-6.455746573061724,-14.78687707070707
G482R,-6.455746573061724,-14.789133636363635
G482S,-6.455746573061724,-14.78687707070707
G482T,-6.431154814005773,-14.78687505050505
G482Y,-6.455746573061724,-14.787032626262627
V483A,-6.455746573061724,-14.784523232323235
V483C,-6.455746573061724,-14.784487272727274
V483D,-6.455746573061724,-14.793685959595962
V483E,-6.455746573061724,-14.78446373737374
V483F,-6.455746573061724,-14.78606707070707
V483G,-6.455746573061724,-14.785868484848482
V483H,-6.455746573061724,-14.785319696969697
V483I,-6.455746573061724,-14.787089191919192
V483K,-6.455746573061724,-14.78906606060606
V483L,-6.455746573061724,-14.787583232323232
V483M,-6.455746573061724,-14.788532727272727
V483N,-6.455746573061724,-14.787799393939393
V483Q,-6.455746573061724,-14.785371111111111
V483R,-6.455746573061724,-14.790521616161616
V483S,-6.455746573061724,-14.785088282828282
V483T,-6.455746573061724,-14.78667606060606
V483W,-6.455746573061724,-14.787005454545453
V483Y,-6.455746573061724,-14.78984787878788
E484A,-6.455746573061724,-14.579363737373736
E484C,-6.455746573061724,-14.603025555555554
E484D,-6.455746573061724,-14.689637777777778
E484F,-0.9941152776590166,-14.652599797979796
E484G,-6.455746573061724,-14.573760707070708
E484H,-5.9833630034097505,-14.575565959595961
E484I,-6.455746573061724,-14.623460303030305
E484K,-6.455746573061724,-14.545516363636366
E484L,-6.455746573061724,-14.600806565656566
E484M,-5.182610506286202,-14.592138181818182
E484N,-6.455746573061724,-14.58962575757576
E484P,-2.8482856853278724,-14.583245555555557
E484Q,-6.455746573061724,-14.597131616161617
E484R,-6.455746573061724,-14.514121111111109
E484S,-6.455746573061724,-14.584010202020202
E484T,-6.455746573061724,-14.581982626262626
E484V,-6.455746573061724,-14.60551686868687
E484W,-6.455746573061724,-14.582084848484849
E484Y,-0.657506339733986,-14.597846464646464
G485A,-6.455746573061724,-14.814776262626262
G485C,-6.455746573061724,-14.824500707070706
G485D,-6.455746573061724,-14.951256161616161
G485E,-6.455746573061724,-14.911141616161618
G485H,-6.455746573061724,-14.838095252525251
G485K,-6.455746573061724,-14.82826313131313
G485M,-6.455746573061724,-14.805596464646465
G485N,-6.455746573061724,-14.842277373737371
G485P,-6.455746573061724,-14.817562323232323
G485Q,-6.455746573061724,-14.842990808080808
G485R,-6.455746573061724,-14.819927575757575
G485S,-6.455746573061724,-14.82381121212121
G485T,-6.455746573061724,-14.824677878787881
F486A,-6.455746573061724,-14.681957878787877
F486C,-6.455746573061724,-14.689223636363634
F486D,-6.455746573061724,-14.78402808080808
F486E,-6.455746573061724,-14.805380606060604
F486G,-6.455746573061724,-14.68177676767677
F486H,-6.455746573061724,-14.753329595959597
F486I,-6.455746573061724,-14.731518585858588
F486K,-6.455746573061724,-15.045395151515152
F486L,-6.455746573061724,-14.773480505050502
F486M,-6.455746573061724,-14.852464242424242
F486N,-6.455746573061724,-14.721051313131316
F486P,-6.455746573061724,-14.701599898989897
F486Q,-6.455746573061724,-14.848043131313133
F486R,-6.455746573061724,-15.101323636363636
F486S,-6.455746573061724,-14.692558181818184
F486T,-6.455746573061724,-14.701892121212124
F486V,-6.455746573061724,-14.692892020202022
F486W,-6.455746573061724,-14.863027676767679
F486Y,-6.455746573061724,-14.858283636363634
N487A,-6.455746573061724,-14.65637888888889
N487D,-6.455746573061724,-14.63667909090909
N487E,-6.455746573061724,-14.57032343434343
N487F,-6.455746573061724,-14.873876363636361
N487G,-6.455746573061724,-14.640823434343437
N487H,-6.455746573061724,-14.71267818181818
N487K,-6.455746573061724,-15.232309090909089
N487L,-6.455746573061724,-14.811980808080808
N487M,-6.455746573061724,-14.95380595959596
N487Q,-6.455746573061724,-14.902941414141413
N487R,-6.455746573061724,-15.286186969696972
N487S,-6.455746573061724,-14.644910404040406
N487T,-6.455746573061724,-14.705417878787879
N487Y,-6.455746573061724,-14.806444545454546
Y489F,-6.455746573061724,-14.819789595959596
Y489H,-4.977809678629078,-13.690615959595961
Y489I,2.7046419541135656,-13.702160909090907
Y489L,3.6594670554974873,-14.100189494949495
Y489M,4.131819188398954,-14.104897171717171
Y489Q,1.2897212257161148,-13.585743535353535
Y489V,0.5429569019487838,-13.82734393939394
Y489W,-6.455746573061724,-14.837478787878785
F490A,-6.455746573061724,-14.766753333333334
F490C,-5.132870530218464,-14.776737575757577
F490D,-6.455746573061724,-14.853251212121213
F490E,-6.455746573061724,-14.848240505050503
F490G,-6.455746573061724,-14.72988909090909
F490H,-6.455746573061724,-14.789255454545456
F490I,-6.455746573061724,-14.78878474747475
F490K,-6.455746573061724,-14.771495959595958
F490L,-6.455746573061724,-14.795604444444443
F490M,-6.455746573061724,-14.780928282828285
F490N,-6.455746573061724,-14.795117171717171
F490P,-6.455746573061724,-14.712240606060607
F490Q,-6.455746573061724,-14.799415757575757
F490R,-6.455746573061724,-14.784498787878785
F490S,-6.455746573061724,-14.751096969696972
F490T,-6.455746573061724,-14.768069191919194
F490V,-6.455746573061724,-14.7906097979798
F490W,-6.455746573061724,-14.782089898989897
F490Y,-6.455746573061724,-14.788219292929295
L492F,-6.455746573061724,-14.785745252525253
L492I,-6.455746573061724,-14.794509595959598
L492V,-6.455746573061724,-14.790948585858587
Q493A,-6.455746573061724,-14.463948181818184
Q493C,-6.455746573061724,-14.687942323232322
Q493D,-2.1916813258914574,-14.102023333333335
Q493E,-6.455746573061724,-14.354622626262623
Q493F,-6.455746573061724,-14.670178686868688
Q493G,-3.979050257170358,-14.279068989898988
Q493H,-6.455746573061724,-14.10048424242424
Q493I,-6.455746573061724,-14.586486161616161
Q493K,-6.455746573061724,-14.973665858585859
Q493L,-6.455746573061724,-14.803929494949493
Q493M,-6.455746573061724,-15.055469595959595
Q493N,-6.455746573061724,-14.58701818181818
Q493R,-2.2745827196390866,-15.25499393939394
Q493S,-6.455746573061724,-14.545635050505052
Q493T,-6.455746573061724,-14.56096707070707
Q493V,-6.455746573061724,-14.722542020202019
Q493W,-6.455746573061724,-14.802004040404038
Q493Y,-6.455746573061724,-14.489357676767677
S494A,-6.455746573061724,-14.723849898989899
S494D,-1.6837465577557569,-14.77248767676768
S494F,-6.455746573061724,-15.02811121212121
S494G,-6.455746573061724,-14.650347979797978
S494H,-6.455746573061724,-14.912215656565655
S494I,-6.455746573061724,-14.884686565656565
S494K,-6.455746573061724,-15.117674444444441
S494M,-6.455746573061724,-14.905243030303032
S494N,-6.455746573061724,-14.860716464646462
S494P,-6.455746573061724,-14.588320303030303
S494R,-6.455746573061724,-15.15088212121212
S494T,-6.455746573061724,-14.872604747474746
S494V,-6.455746573061724,-14.827927070707071
S494W,-6.455746573061724,-15.025480808080811
S494Y,-6.455746573061724,-14.988587474747474
G496A,-6.455746573061724,-14.664557676767677
G496C,-0.23548215968844027,-14.639917777777777
G496D,3.018434001639126,-13.155935151515152
G496E,2.5123056239761152,-13.47418717171717
G496F,-6.379558741087062,-15.470322828282828
G496H,1.68223306987079,-14.684502828282831
G496I,2.1524768239826098,-12.007742626262626
G496K,-6.455746573061724,-14.875497676767674
G496L,2.1621640187104885,-14.727585252525254
G496M,3.2178363237350966,-15.552417373737374
G496N,4.6363458034565355,-14.543768282828282
G496Q,3.8371564517853636,-14.528260808080809
G496R,1.388170416951231,-15.261718585858588
G496S,-6.455746573061724,-14.186061313131315
G496T,-3.5735656557643765,-12.537754343434345
G496V,3.9768332287817634,-12.420284242424243
G496W,1.9367984687040576,-14.777163535353537
G496Y,-3.2724075100809022,-15.442332525252525
Q498A,-6.455746573061724,-13.826983333333333
Q498C,-0.2847077023121475,-14.109074545454545
Q498D,0.5468307986989346,-12.550762626262626
Q498E,3.9879660275412028,-12.227699292929291
Q498F,2.483823812649169,-14.357097272727273
Q498G,4.039597383864649,-13.588486969696971
Q498H,2.1291048630394447,-14.905566565656569
Q498I,3.0343033706912994,-14.045055353535354
Q498K,3.4257609370154642,-15.040907575757577
Q498L,-5.502256762024968,-14.295069797979796
Q498M,-6.455746573061724,-14.349977474747476
Q498N,2.4288369676832486,-14.695879999999997
Q498R,4.131819188398954,-15.782384242424243
Q498S,-3.1687190186463905,-14.148457777777777
Q498T,-1.7393147101208162,-14.058913434343431
Q498V,-3.1856322770340717,-14.293099292929295
Q498W,1.664939811495111,-13.738264747474748
Q498Y,3.162540022460277,-14.321753333333334
P499A,-6.455746573061724,-14.531153333333332
P499C,-6.455746573061724,-14.648254242424242
P499D,1.9107198708797044,-14.392888181818181
P499E,-1.744833739423902,-14.500537171717173
P499G,-6.455746573061724,-14.467368787878788
P499H,-6.455746573061724,-14.64567404040404
P499L,-6.455746573061724,-14.847509393939395
P499M,-6.455746573061724,-14.960717474747476
P499N,-6.455746573061724,-14.646713939393939
P499Q,-4.689341602608799,-14.687441616161616
P499R,-6.455746573061724,-14.976456767676767
P499S,-4.210636899255892,-14.51221393939394
P499T,-6.455746573061724,-14.595392222222223
P499V,-6.455746573061724,-14.739585151515154
P499Y,-6.455746573061724,-14.750883737373739
T500A,4.261868929201635,-14.446720606060605
T500C,3.142193005894262,-14.78697888888889
T500D,2.175197255017929,-13.63263505050505
T500E,4.198217485476311,-13.763863939393937
T500F,4.545824507879147,-14.513134343434345
T500G,-0.8539734526009879,-14.042182424242425
T500H,0.7386473585067922,-14.481568282828281
T500I,3.355976507646948,-15.450369696969698
T500K,1.8608844105801565,-15.445353535353537
T500L,2.773013801948627,-15.319161616161619
T500M,2.931878629823798,-15.899310101010098
T500N,4.545824507879147,-15.014572424242425
T500P,1.9606196765134218,-14.586211616161616
T500Q,4.157867957904519,-14.752340808080808
T500R,3.03887978952305,-15.869846464646463
T500S,-6.455746573061724,-14.448351616161617
T500V,2.936049668218135,-15.013489898989901
T500W,6.906754778648553,-12.826806464646467
T500Y,4.125408408678752,-13.18414633333333
N501A,2.2106296038042674,-13.59130676767677
N501C,2.7339416150349507,-13.911026161616164
N501F,1.3087266479842299,-7.561410545454546
N501G,4.885323992019087,-13.210726565656566
N501H,3.204412762840645,-9.981083505050504
N501I,1.7408893955564217,-13.668352626262626
N501L,2.7252456812140915,-13.78582686868687
N501M,2.6273313664559588,-13.511062222222224
N501P,1.6997340720008352,-13.484179292929294
N501Q,2.8750658715059982,-12.882184242424243
N501R,4.29147364001829,-11.87141707070707
N501S,3.9549194425484284,-13.556518484848484
N501T,2.5990435688045124,-13.90786202020202
N501V,5.045036720813594,-13.915876060606058
N501W,1.2219128483021833,-0.5414224242424243
N501Y,2.227591283112149,-6.467031747474747
V503A,-6.455746573061724,-14.775037272727275
V503C,-6.455746573061724,-14.761422424242422
V503D,-6.455746573061724,-14.676800707070708
V503E,-6.455746573061724,-14.75180191919192
V503F,-6.455746573061724,-14.852302222222223
V503G,-6.455746573061724,-14.758280808080809
V503H,-6.455746573061724,-14.800564848484848
V503I,-6.455746573061724,-14.869599999999998
V503K,-6.455746573061724,-14.91377828282828
V503L,-6.455746573061724,-14.867638383838385
V503M,-6.455746573061724,-14.848453838383838
V503N,-6.455746573061724,-14.75484222222222
V503Q,-6.455746573061724,-14.83453090909091
V503R,-6.455746573061724,-15.016049292929294
V503S,-4.441599561546685,-14.798747474747477
V503T,1.6041671767055001,-14.75179
V503W,-6.455746573061724,-14.808417777777777
V503Y,-6.455746573061724,-14.873050606060605
G504A,-6.455746573061724,-14.741180606060606
G504C,-6.455746573061724,-14.862254040404041
G504D,-6.455746573061724,-14.323799292929293
G504E,-4.536244697675587,-14.248402626262626
G504F,-6.455746573061724,-15.294724141414141
G504H,-6.455746573061724,-14.843484848484849
G504I,-6.455746573061724,-15.014825757575755
G504K,-6.455746573061724,-15.007055353535357
G504L,-6.455746573061724,-15.171065252525251
G504M,-6.455746573061724,-15.589428686868686
G504N,-6.455746573061724,-14.79360202020202
G504P,-6.455746573061724,-14.871225454545455
G504Q,-6.455746573061724,-14.773494040404042
G504R,-6.455746573061724,-15.288909494949493
G504S,-6.455746573061724,-14.715343737373736
G504T,-6.455746573061724,-14.71017717171717
G504V,-6.455746573061724,-14.830977171717173
G504W,-6.455746573061724,-15.410728282828282
G504Y,-6.455746573061724,-15.209047373737372
Y505F,-4.302040063149233,-14.454497878787874
Y505H,-6.455746573061724,-13.443616565656566
Y505M,-5.720610798066938,-13.799969494949494
Y505N,-6.455746573061724,-12.811477171717176
Y505Q,-6.455746573061724,-12.852390202020201
Y505W,2.5051203945722005,-14.217936464646463
Q506A,-1.8028869632542381,-14.57541404040404
Q506E,-3.4583776388633614,-14.536151717171716
Q506H,-4.486918711790534,-14.580246565656564
Q506N,-6.466012527661118,-14.75674202020202
P507A,-6.094572527712515,-14.784294242424242
Y508A,-6.455746573061724,-14.76267
Y508F,-6.455746573061724,-14.76800636363636
Y508H,-6.455746573061724,-14.776909393939395
Y508M,-6.455746573061724,-14.760711414141413
Y508N,-6.455746573061724,-14.76289525252525
Y508T,-6.455746573061724,-14.763718484848484
Y508V,-6.455746573061724,-14.76096797979798
Y508W,-6.455746573061724,-14.772991212121212
